push;1701746345;;;
push;1701746403;;;
push;1701746424;;;
push;1701746605;;;
push;1701746668;;;
push;1701746754;;;
push;1701746839;;;
push;1701746856;;;
push;1701747032;51.175.231.6;CoziestVinylShop;
push;1701747254;51.175.231.6;FriendliestCoffeeShop;
push;1701749988;51.175.231.6;TheWildestIdea;
push;1701750705;51.175.231.6;TheWildestIdea;
push;1701751120;51.175.231.6;TheWildestIdea;
push;1701751192;51.175.231.6;TheWildestIdea;
push;1701752162;51.175.231.6;TheWildestIdea;
push;1701756388;51.175.231.6;TheWildestIdea;
push;1701756534;51.175.231.6;TheWildestIdea;
push;1701756624;51.175.231.6;TheWildestIdea;
push;1701894737;212.227.216.21;AamotEngineering;
push;1701894738;212.227.216.117;TheWildestIdea;
push;1702009707;51.175.231.6;Google;
push;1702011783;51.175.231.6;TheWildestIdea;
push;1702011788;51.175.231.6;AamotEngineering;
push;1702011791;51.175.231.6;%Search;
push;1702011971;51.175.231.6;TheWildestIdea;
push;1702011976;51.175.231.6;AamotEngineering;
push;1702011980;51.175.231.6;%Search;
push;1702013248;51.175.231.6;%Search;
push;1702013709;51.175.231.6;TheWildestIdea;
push;1702017159;51.175.231.6;TheWildestIdea;
push;1702041615;51.175.231.6;AamotEngineering;
push;1702044623;51.175.231.6;TheWildestIdea;
push;1702044646;51.175.231.6;%Search;
push;1702072849;2a01:4f8:151:7167::2;TheWildestIdea;
push;1702072851;2a01:4f8:151:7167::2;AamotEngineering;
push;1702072854;2a01:4f8:151:7167::2;%Search;
push;1702202086;51.175.231.6;AamotEngineering;
push;1702265942;82.165.224.242;TheWildestIdea;
push;1702265942;82.165.224.194;AamotEngineering;
push;1702333053;46.4.118.154;AamotEngineering;
push;1702333070;46.4.118.154;TheWildestIdea;
push;1702610257;82.165.224.79;AamotEngineering;
push;1702610475;82.165.224.79;TheWildestIdea;
push;1702610504;212.227.216.196;AamotEngineering;
push;1702874439;212.227.216.65;TheWildestIdea;
push;1702874446;212.227.216.65;AamotEngineering;
push;1702874614;212.227.216.115;AamotEngineering;
push;1702874621;212.227.216.67;TheWildestIdea;
push;1703007057;144.217.135.232;TheWildestIdea;
push;1703007057;144.217.135.232;AamotEngineering;
push;1703074131;193.157.119.103;Google;
push;1703074740;193.157.119.103;Google;
push;1703074918;;;
push;1703075758;193.157.119.103;Google;
push;1703089535;51.175.231.6;oka;tok_1OPSaODObaLe8ONvFxWImvD6
push;1703089618;51.175.231.6;oka;tok_1OPSbjDObaLe8ONvjOHvlMkp
push;1703096882;51.175.231.6;&(LÃ¸ren, Frydenbergveien, 56);tok_1OPUUtDObaLe8ONv0LZY331a
push;1703100488;82.165.224.48;TheWildestIdea;
push;1703100498;82.165.224.48;AamotEngineering;
push;1703101268;212.227.216.56;TheWildestIdea;
push;1703101274;212.227.216.72;AamotEngineering;
push;1703120811;51.175.231.6;*aamot;tok_1OPairDObaLe8ONvWGETcoeo
push;1703243763;82.165.224.237;AamotEngineering;
push;1703243772;82.165.224.141;TheWildestIdea;
push;1703245206;212.227.216.30;TheWildestIdea;
push;1703245213;212.227.216.14;AamotEngineering;
push;1703269637;46.101.80.192;TheWildestIdea;
push;1703469676;154.6.94.132;AamotEngineering;
push;1703469710;154.6.94.132;TheWildestIdea;
push;1703550171;82.165.224.178;AamotEngineering;
push;1703550172;82.165.224.186;TheWildestIdea;
push;1703595145;2a01:799:a4:fe00:ff:65bf:471a:568e;&Blindheim;tok_1ORa7ODObaLe8ONvdfYIeTRr
push;1703619837;51.175.231.6;&Library;tok_1ORgXfDObaLe8ONvdPzZGNpJ
push;1703868165;34.212.76.175;AamotEngineering;
push;1703868556;34.212.76.175;TheWildestIdea;
push;1703869081;34.212.76.175;%Search;
push;1704018526;51.175.231.6;%Search;
push;1704018535;51.175.231.6;AamotEngineering;
push;1704018566;51.175.231.6;TheWildestIdea;
